,UID,RequestMode,WallTime,id,type,status,text,is_improved,dispatch_coord,WPT_1_type,WPT_1_name,WPT_2_type,WPT_2_name,RejoinType,RejoinWaypoint,EndpointLat,EndpointLon,SavingType,SavingsValue,SavingsUnits,FlightLevel
0,R_Walters-2cf0-EFB_BB45_20210312_085351,AUTO,1615582484.246693,-1,COMBO,CLEARED,,false,false,UNDEFINED,,UNDEFINED,,UNDEFINED,,0.00000000,0.0000000000,NA,NA,NA,NA
1,R_Walters-2cf0-EFB_BB45_20210312_085351,AUTO,1615582484.246693,-1,LATERAL,CLEARED,,false,false,UNDEFINED,,UNDEFINED,,UNDEFINED,,0.00000000,0.0000000000,NA,NA,NA,NA
2,R_Walters-2cf0-EFB_BB45_20210312_085351,AUTO,1615582484.246693,-1,VERTICAL,CLEARED,,false,false,UNDEFINED,,UNDEFINED,,UNDEFINED,,0.00000000,0.0000000000,NA,NA,NA,NA
3,R_Walters-2cf0-EFB_BB45_20210312_085351,AUTO,1615582484.332156,-1,COMBO,CLEARED,,false,false,UNDEFINED,,UNDEFINED,,UNDEFINED,,0.00000000,0.0000000000,NA,NA,NA,NA
4,R_Walters-2cf0-EFB_BB45_20210312_085351,AUTO,1615582484.332156,-1,LATERAL,CLEARED,,false,false,UNDEFINED,,UNDEFINED,,UNDEFINED,,0.00000000,0.0000000000,NA,NA,NA,NA
5,R_Walters-2cf0-EFB_BB45_20210312_085351,AUTO,1615582484.332156,-1,VERTICAL,CLEARED,,false,false,UNDEFINED,,UNDEFINED,,UNDEFINED,,0.00000000,0.0000000000,NA,NA,NA,NA
6,R_Walters-2cf0-EFB_BB45_20210312_085351,AUTO,1615582484.400258,-1,COMBO,CLEARED,,false,false,UNDEFINED,,UNDEFINED,,UNDEFINED,,0.00000000,0.0000000000,NA,NA,NA,NA
7,R_Walters-2cf0-EFB_BB45_20210312_085351,AUTO,1615582484.400258,-1,LATERAL,CLEARED,,false,false,UNDEFINED,,UNDEFINED,,UNDEFINED,,0.00000000,0.0000000000,NA,NA,NA,NA
8,R_Walters-2cf0-EFB_BB45_20210312_085351,AUTO,1615582484.400258,-1,VERTICAL,CLEARED,,false,false,UNDEFINED,,UNDEFINED,,UNDEFINED,,0.00000000,0.0000000000,NA,NA,NA,NA
9,R_Walters-2cf0-EFB_BB45_20210312_085351,AUTO,1615582484.447479,-1,COMBO,CLEARED,,false,false,UNDEFINED,,UNDEFINED,,UNDEFINED,,0.00000000,0.0000000000,NA,NA,NA,NA
10,R_Walters-2cf0-EFB_BB45_20210312_085351,AUTO,1615582484.447479,-1,LATERAL,CLEARED,,false,false,UNDEFINED,,UNDEFINED,,UNDEFINED,,0.00000000,0.0000000000,NA,NA,NA,NA
11,R_Walters-2cf0-EFB_BB45_20210312_085351,AUTO,1615582484.447479,-1,VERTICAL,CLEARED,,false,false,UNDEFINED,,UNDEFINED,,UNDEFINED,,0.00000000,0.0000000000,NA,NA,NA,NA
12,R_Walters-2cf0-EFB_BB45_20210312_085351,AUTO,1615582489.633557,15,COMBO,FILTERED,FL320 / YKM,false,false,UNDEFINED,,UNDEFINED,,REJOIN,YKM,0.00000000,0.0000000000,Time,12.684,sec,320
13,R_Walters-2cf0-EFB_BB45_20210312_085351,AUTO,1615582489.633557,16,LATERAL,SOLUTION,YKM,true,false,UNDEFINED,,UNDEFINED,,REJOIN,YKM,0.00000000,0.0000000000,Time,-5.249,sec,NA
14,R_Walters-2cf0-EFB_BB45_20210312_085351,AUTO,1615582489.633557,17,VERTICAL,FILTERED,FL320,false,false,UNDEFINED,,UNDEFINED,,UNDEFINED,,0.00000000,0.0000000000,Time,18.886,sec,320
15,R_Walters-2cf0-EFB_BB45_20210312_085351,AUTO,1615582501.367258,16,SELECTED,SOLUTION,YKM,true,false,UNDEFINED,,UNDEFINED,,REJOIN,YKM,0.00000000,0.0000000000,Time,-5.3415,sec,NA
16,R_Walters-2cf0-EFB_BB45_20210312_085351,AUTO,1615582510.946379,15,COMBO,FILTERED,FL320 / YKM,false,false,UNDEFINED,,UNDEFINED,,REJOIN,YKM,0.00000000,0.0000000000,Time,12.891,sec,320
17,R_Walters-2cf0-EFB_BB45_20210312_085351,AUTO,1615582510.946379,16,LATERAL,SOLUTION,YKM,true,false,UNDEFINED,,UNDEFINED,,REJOIN,YKM,0.00000000,0.0000000000,Time,-4.925,sec,NA
18,R_Walters-2cf0-EFB_BB45_20210312_085351,AUTO,1615582510.946379,17,VERTICAL,FILTERED,FL320,false,false,UNDEFINED,,UNDEFINED,,UNDEFINED,,0.00000000,0.0000000000,Time,18.774,sec,320
19,R_Walters-2cf0-EFB_BB45_20210312_085351,AUTO,1615582510.974341,16,SELECTED,SOLUTION,YKM,true,false,UNDEFINED,,UNDEFINED,,REJOIN,YKM,0.00000000,0.0000000000,Time,-4.925,sec,NA
20,R_Walters-2cf0-EFB_BB45_20210312_085351,AUTO,1615582522.934081,15,COMBO,FILTERED,FL320 / YKM,false,false,UNDEFINED,,UNDEFINED,,REJOIN,YKM,0.00000000,0.0000000000,Time,12.52,sec,320
21,R_Walters-2cf0-EFB_BB45_20210312_085351,AUTO,1615582522.934081,16,LATERAL,SOLUTION,YKM,true,false,UNDEFINED,,UNDEFINED,,REJOIN,YKM,0.00000000,0.0000000000,Time,-5.2075,sec,NA
22,R_Walters-2cf0-EFB_BB45_20210312_085351,AUTO,1615582522.934081,17,VERTICAL,FILTERED,FL320,false,false,UNDEFINED,,UNDEFINED,,UNDEFINED,,0.00000000,0.0000000000,Time,18.733,sec,320
23,R_Walters-2cf0-EFB_BB45_20210312_085351,AUTO,1615582522.957025,16,SELECTED,SOLUTION,YKM,true,false,UNDEFINED,,UNDEFINED,,REJOIN,YKM,0.00000000,0.0000000000,Time,-5.2075,sec,NA
24,R_Walters-2cf0-EFB_BB45_20210312_085351,AUTO,1615582533.567892,15,COMBO,FILTERED,FL320 / YKM,false,false,UNDEFINED,,UNDEFINED,,REJOIN,YKM,0.00000000,0.0000000000,Time,15.307,sec,320
25,R_Walters-2cf0-EFB_BB45_20210312_085351,AUTO,1615582533.567892,16,LATERAL,SOLUTION,YKM,true,false,UNDEFINED,,UNDEFINED,,REJOIN,YKM,0.00000000,0.0000000000,Time,-2.3832,sec,NA
26,R_Walters-2cf0-EFB_BB45_20210312_085351,AUTO,1615582533.567892,17,VERTICAL,FILTERED,FL320,false,false,UNDEFINED,,UNDEFINED,,UNDEFINED,,0.00000000,0.0000000000,Time,18.67,sec,320
27,R_Walters-2cf0-EFB_BB45_20210312_085351,AUTO,1615582533.591248,16,SELECTED,SOLUTION,YKM,true,false,UNDEFINED,,UNDEFINED,,REJOIN,YKM,0.00000000,0.0000000000,Time,-2.3832,sec,NA
28,R_Walters-2cf0-EFB_BB45_20210312_085351,AUTO,1615582544.220546,15,COMBO,FILTERED,FL320 / YKM,false,false,UNDEFINED,,UNDEFINED,,REJOIN,YKM,0.00000000,0.0000000000,Time,12.622,sec,320
29,R_Walters-2cf0-EFB_BB45_20210312_085351,AUTO,1615582544.220546,16,LATERAL,SOLUTION,YKM,true,false,UNDEFINED,,UNDEFINED,,REJOIN,YKM,0.00000000,0.0000000000,Time,-4.9931,sec,NA
30,R_Walters-2cf0-EFB_BB45_20210312_085351,AUTO,1615582544.220546,17,VERTICAL,FILTERED,FL320,false,false,UNDEFINED,,UNDEFINED,,UNDEFINED,,0.00000000,0.0000000000,Time,18.61,sec,320
31,R_Walters-2cf0-EFB_BB45_20210312_085351,AUTO,1615582544.241075,16,SELECTED,SOLUTION,YKM,true,false,UNDEFINED,,UNDEFINED,,REJOIN,YKM,0.00000000,0.0000000000,Time,-4.9931,sec,NA
32,R_Walters-2cf0-EFB_BB45_20210312_085351,AUTO,1615582550.19245,15,COMBO,FILTERED,FL320 / YKM,false,false,UNDEFINED,,UNDEFINED,,REJOIN,YKM,0.00000000,0.0000000000,Time,12.457,sec,320
33,R_Walters-2cf0-EFB_BB45_20210312_085351,AUTO,1615582550.19245,16,LATERAL,SOLUTION,YKM,true,false,UNDEFINED,,UNDEFINED,,REJOIN,YKM,0.00000000,0.0000000000,Time,-5.1547,sec,NA
34,R_Walters-2cf0-EFB_BB45_20210312_085351,AUTO,1615582550.19245,17,VERTICAL,FILTERED,FL320,false,false,UNDEFINED,,UNDEFINED,,UNDEFINED,,0.00000000,0.0000000000,Time,18.604,sec,320
35,R_Walters-2cf0-EFB_BB45_20210312_085351,AUTO,1615582560.705609,15,COMBO,FILTERED,FL320 / YKM,false,false,UNDEFINED,,UNDEFINED,,REJOIN,YKM,0.00000000,0.0000000000,Time,12.262,sec,320
36,R_Walters-2cf0-EFB_BB45_20210312_085351,AUTO,1615582560.705609,16,LATERAL,SOLUTION,YKM,true,false,UNDEFINED,,UNDEFINED,,REJOIN,YKM,0.00000000,0.0000000000,Time,-5.2629,sec,NA
37,R_Walters-2cf0-EFB_BB45_20210312_085351,AUTO,1615582560.705609,17,VERTICAL,FILTERED,FL320,false,false,UNDEFINED,,UNDEFINED,,UNDEFINED,,0.00000000,0.0000000000,Time,18.515,sec,320
38,R_Walters-2cf0-EFB_BB45_20210312_085351,AUTO,1615582560.730475,16,SELECTED,SOLUTION,YKM,true,false,UNDEFINED,,UNDEFINED,,REJOIN,YKM,0.00000000,0.0000000000,Time,-5.2629,sec,NA
39,R_Walters-2cf0-EFB_BB45_20210312_085351,AUTO,1615582572.80237,15,COMBO,FILTERED,FL320 / YKM,false,false,UNDEFINED,,UNDEFINED,,REJOIN,YKM,0.00000000,0.0000000000,Time,14.477,sec,320
40,R_Walters-2cf0-EFB_BB45_20210312_085351,AUTO,1615582572.80237,16,LATERAL,SOLUTION,YKM,true,false,UNDEFINED,,UNDEFINED,,REJOIN,YKM,0.00000000,0.0000000000,Time,-2.9843,sec,NA
41,R_Walters-2cf0-EFB_BB45_20210312_085351,AUTO,1615582572.80237,17,VERTICAL,FILTERED,FL320,false,false,UNDEFINED,,UNDEFINED,,UNDEFINED,,0.00000000,0.0000000000,Time,18.433,sec,320
42,R_Walters-2cf0-EFB_BB45_20210312_085351,AUTO,1615582572.828729,16,SELECTED,SOLUTION,YKM,true,false,UNDEFINED,,UNDEFINED,,REJOIN,YKM,0.00000000,0.0000000000,Time,-2.9843,sec,NA
43,R_Walters-2cf0-EFB_BB45_20210312_085351,AUTO,1615582583.137537,15,COMBO,FILTERED,FL320 / YKM,false,false,UNDEFINED,,UNDEFINED,,REJOIN,YKM,0.00000000,0.0000000000,Time,12.379,sec,320
44,R_Walters-2cf0-EFB_BB45_20210312_085351,AUTO,1615582583.137537,16,LATERAL,SOLUTION,YKM,true,false,UNDEFINED,,UNDEFINED,,REJOIN,YKM,0.00000000,0.0000000000,Time,-4.9863,sec,NA
45,R_Walters-2cf0-EFB_BB45_20210312_085351,AUTO,1615582583.137537,17,VERTICAL,FILTERED,FL320,false,false,UNDEFINED,,UNDEFINED,,UNDEFINED,,0.00000000,0.0000000000,Time,18.353,sec,320
46,R_Walters-2cf0-EFB_BB45_20210312_085351,AUTO,1615582583.15789,16,SELECTED,SOLUTION,YKM,true,false,UNDEFINED,,UNDEFINED,,REJOIN,YKM,0.00000000,0.0000000000,Time,-4.9863,sec,NA
47,R_Walters-2cf0-EFB_BB45_20210312_085351,AUTO,1615582593.741304,15,COMBO,FILTERED,FL320 / YKM,false,false,UNDEFINED,,UNDEFINED,,REJOIN,YKM,0.00000000,0.0000000000,Time,14.331,sec,320
48,R_Walters-2cf0-EFB_BB45_20210312_085351,AUTO,1615582593.741304,16,LATERAL,SOLUTION,YKM,true,false,UNDEFINED,,UNDEFINED,,REJOIN,YKM,0.00000000,0.0000000000,Time,-3.01,sec,NA
49,R_Walters-2cf0-EFB_BB45_20210312_085351,AUTO,1615582593.741304,17,VERTICAL,FILTERED,FL320,false,false,UNDEFINED,,UNDEFINED,,UNDEFINED,,0.00000000,0.0000000000,Time,18.276,sec,320
50,R_Walters-2cf0-EFB_BB45_20210312_085351,AUTO,1615582593.761672,16,SELECTED,SOLUTION,YKM,true,false,UNDEFINED,,UNDEFINED,,REJOIN,YKM,0.00000000,0.0000000000,Time,-3.01,sec,NA
51,R_Walters-2cf0-EFB_BB45_20210312_085351,AUTO,1615582606.410833,15,COMBO,FILTERED,FL320 / YKM,false,false,UNDEFINED,,UNDEFINED,,REJOIN,YKM,0.00000000,0.0000000000,Time,12.184,sec,320
52,R_Walters-2cf0-EFB_BB45_20210312_085351,AUTO,1615582606.410833,16,LATERAL,SOLUTION,YKM,true,false,UNDEFINED,,UNDEFINED,,REJOIN,YKM,0.00000000,0.0000000000,Time,-5.052,sec,NA
53,R_Walters-2cf0-EFB_BB45_20210312_085351,AUTO,1615582606.410833,17,VERTICAL,FILTERED,FL320,false,false,UNDEFINED,,UNDEFINED,,UNDEFINED,,0.00000000,0.0000000000,Time,18.168,sec,320
54,R_Walters-2cf0-EFB_BB45_20210312_085351,AUTO,1615582606.432328,16,SELECTED,SOLUTION,YKM,true,false,UNDEFINED,,UNDEFINED,,REJOIN,YKM,0.00000000,0.0000000000,Time,-5.052,sec,NA
55,R_Walters-2cf0-EFB_BB45_20210312_085351,AUTO,1615582611.418322,15,COMBO,FILTERED,FL320 / YKM,false,false,UNDEFINED,,UNDEFINED,,REJOIN,YKM,0.00000000,0.0000000000,Time,12.091,sec,320
56,R_Walters-2cf0-EFB_BB45_20210312_085351,AUTO,1615582611.418322,16,LATERAL,SOLUTION,YKM,true,false,UNDEFINED,,UNDEFINED,,REJOIN,YKM,0.00000000,0.0000000000,Time,-5.1458,sec,NA
57,R_Walters-2cf0-EFB_BB45_20210312_085351,AUTO,1615582611.418322,17,VERTICAL,FILTERED,FL320,false,false,UNDEFINED,,UNDEFINED,,UNDEFINED,,0.00000000,0.0000000000,Time,18.166,sec,320
58,R_Walters-2cf0-EFB_BB45_20210312_085351,AUTO,1615582621.647931,15,COMBO,FILTERED,FL320 / YKM,false,false,UNDEFINED,,UNDEFINED,,REJOIN,YKM,0.00000000,0.0000000000,Time,11.87,sec,320
59,R_Walters-2cf0-EFB_BB45_20210312_085351,AUTO,1615582621.647931,16,LATERAL,SOLUTION,YKM,true,false,UNDEFINED,,UNDEFINED,,REJOIN,YKM,0.00000000,0.0000000000,Time,-5.2461,sec,NA
60,R_Walters-2cf0-EFB_BB45_20210312_085351,AUTO,1615582621.647931,17,VERTICAL,FILTERED,FL320,false,false,UNDEFINED,,UNDEFINED,,UNDEFINED,,0.00000000,0.0000000000,Time,18.058,sec,320
61,R_Walters-2cf0-EFB_BB45_20210312_085351,AUTO,1615582621.669532,16,SELECTED,SOLUTION,YKM,true,false,UNDEFINED,,UNDEFINED,,REJOIN,YKM,0.00000000,0.0000000000,Time,-5.2461,sec,NA
62,R_Walters-2cf0-EFB_BB45_20210312_085351,AUTO,1615582631.981541,15,COMBO,FILTERED,FL320 / YKM,false,false,UNDEFINED,,UNDEFINED,,REJOIN,YKM,0.00000000,0.0000000000,Time,11.739,sec,320
63,R_Walters-2cf0-EFB_BB45_20210312_085351,AUTO,1615582631.981541,16,LATERAL,SOLUTION,YKM,true,false,UNDEFINED,,UNDEFINED,,REJOIN,YKM,0.00000000,0.0000000000,Time,-5.2928,sec,NA
64,R_Walters-2cf0-EFB_BB45_20210312_085351,AUTO,1615582631.981541,17,VERTICAL,FILTERED,FL320,false,false,UNDEFINED,,UNDEFINED,,UNDEFINED,,0.00000000,0.0000000000,Time,18.118,sec,320
65,R_Walters-2cf0-EFB_BB45_20210312_085351,AUTO,1615582632.005343,16,SELECTED,SOLUTION,YKM,true,false,UNDEFINED,,UNDEFINED,,REJOIN,YKM,0.00000000,0.0000000000,Time,-5.2928,sec,NA
66,R_Walters-2cf0-EFB_BB45_20210312_085351,AUTO,1615582643.653832,15,COMBO,FILTERED,FL320 / YKM,false,false,UNDEFINED,,UNDEFINED,,REJOIN,YKM,0.00000000,0.0000000000,Time,11.574,sec,320
67,R_Walters-2cf0-EFB_BB45_20210312_085351,AUTO,1615582643.653832,16,LATERAL,SOLUTION,YKM,true,false,UNDEFINED,,UNDEFINED,,REJOIN,YKM,0.00000000,0.0000000000,Time,-5.317,sec,NA
68,R_Walters-2cf0-EFB_BB45_20210312_085351,AUTO,1615582643.653832,17,VERTICAL,FILTERED,FL320,false,false,UNDEFINED,,UNDEFINED,,UNDEFINED,,0.00000000,0.0000000000,Time,17.996,sec,320
69,R_Walters-2cf0-EFB_BB45_20210312_085351,AUTO,1615582643.6775,16,SELECTED,SOLUTION,YKM,true,false,UNDEFINED,,UNDEFINED,,REJOIN,YKM,0.00000000,0.0000000000,Time,-5.317,sec,NA
70,R_Walters-2cf0-EFB_BB45_20210312_085351,AUTO,1615582654.234577,15,COMBO,FILTERED,FL320 / YKM,false,false,UNDEFINED,,UNDEFINED,,REJOIN,YKM,0.00000000,0.0000000000,Time,14.162,sec,320
71,R_Walters-2cf0-EFB_BB45_20210312_085351,AUTO,1615582654.234577,16,LATERAL,SOLUTION,YKM,true,false,UNDEFINED,,UNDEFINED,,REJOIN,YKM,0.00000000,0.0000000000,Time,-2.6254,sec,NA
72,R_Walters-2cf0-EFB_BB45_20210312_085351,AUTO,1615582654.234577,17,VERTICAL,FILTERED,FL320,false,false,UNDEFINED,,UNDEFINED,,UNDEFINED,,0.00000000,0.0000000000,Time,17.925,sec,320
73,R_Walters-2cf0-EFB_BB45_20210312_085351,AUTO,1615582654.259142,16,SELECTED,SOLUTION,YKM,true,false,UNDEFINED,,UNDEFINED,,REJOIN,YKM,0.00000000,0.0000000000,Time,-2.6254,sec,NA
74,R_Walters-2cf0-EFB_BB45_20210312_085351,AUTO,1615582681.346955,15,COMBO,FILTERED,FL320 / YKM,false,false,UNDEFINED,,UNDEFINED,,REJOIN,YKM,0.00000000,0.0000000000,Time,11.327,sec,320
75,R_Walters-2cf0-EFB_BB45_20210312_085351,AUTO,1615582681.346955,16,LATERAL,SOLUTION,YKM,true,false,UNDEFINED,,UNDEFINED,,REJOIN,YKM,0.00000000,0.0000000000,Time,-5.122,sec,NA
76,R_Walters-2cf0-EFB_BB45_20210312_085351,AUTO,1615582681.346955,17,VERTICAL,FILTERED,FL320,false,false,UNDEFINED,,UNDEFINED,,UNDEFINED,,0.00000000,0.0000000000,Time,17.703,sec,320
77,R_Walters-2cf0-EFB_BB45_20210312_085351,AUTO,1615582681.368795,16,SELECTED,SOLUTION,YKM,true,false,UNDEFINED,,UNDEFINED,,REJOIN,YKM,0.00000000,0.0000000000,Time,-5.122,sec,NA
78,R_Walters-2cf0-EFB_BB45_20210312_085351,AUTO,1615582686.393172,15,COMBO,FILTERED,FL320 / YKM,false,false,UNDEFINED,,UNDEFINED,,REJOIN,YKM,0.00000000,0.0000000000,Time,12.812,sec,320
79,R_Walters-2cf0-EFB_BB45_20210312_085351,AUTO,1615582686.393172,16,LATERAL,SOLUTION,YKM,true,false,UNDEFINED,,UNDEFINED,,REJOIN,YKM,0.00000000,0.0000000000,Time,-3.5667,sec,NA
80,R_Walters-2cf0-EFB_BB45_20210312_085351,AUTO,1615582686.393172,17,VERTICAL,FILTERED,FL320,false,false,UNDEFINED,,UNDEFINED,,UNDEFINED,,0.00000000,0.0000000000,Time,17.585,sec,320
81,R_Walters-2cf0-EFB_BB45_20210312_085351,AUTO,1615582697.833259,15,COMBO,FILTERED,FL320 / YKM,false,false,UNDEFINED,,UNDEFINED,,REJOIN,YKM,0.00000000,0.0000000000,Time,11.374,sec,320
82,R_Walters-2cf0-EFB_BB45_20210312_085351,AUTO,1615582697.833259,16,LATERAL,SOLUTION,YKM,true,false,UNDEFINED,,UNDEFINED,,REJOIN,YKM,0.00000000,0.0000000000,Time,-4.8817,sec,NA
83,R_Walters-2cf0-EFB_BB45_20210312_085351,AUTO,1615582697.833259,17,VERTICAL,FILTERED,FL320,false,false,UNDEFINED,,UNDEFINED,,UNDEFINED,,0.00000000,0.0000000000,Time,17.437,sec,320
84,R_Walters-2cf0-EFB_BB45_20210312_085351,AUTO,1615582697.854652,16,SELECTED,SOLUTION,YKM,true,false,UNDEFINED,,UNDEFINED,,REJOIN,YKM,0.00000000,0.0000000000,Time,-4.8817,sec,NA
85,R_Walters-2cf0-EFB_BB45_20210312_085351,AUTO,1615582709.550747,15,COMBO,FILTERED,FL320 / YKM,false,false,UNDEFINED,,UNDEFINED,,REJOIN,YKM,0.00000000,0.0000000000,Time,10.983,sec,320
86,R_Walters-2cf0-EFB_BB45_20210312_085351,AUTO,1615582709.550747,16,LATERAL,SOLUTION,YKM,true,false,UNDEFINED,,UNDEFINED,,REJOIN,YKM,0.00000000,0.0000000000,Time,-5.1193,sec,NA
87,R_Walters-2cf0-EFB_BB45_20210312_085351,AUTO,1615582709.550747,17,VERTICAL,FILTERED,FL320,false,false,UNDEFINED,,UNDEFINED,,UNDEFINED,,0.00000000,0.0000000000,Time,17.26,sec,320
88,R_Walters-2cf0-EFB_BB45_20210312_085351,AUTO,1615582709.572214,16,SELECTED,SOLUTION,YKM,true,false,UNDEFINED,,UNDEFINED,,REJOIN,YKM,0.00000000,0.0000000000,Time,-5.1193,sec,NA
89,R_Walters-2cf0-EFB_BB45_20210312_085351,AUTO,1615582720.352047,15,COMBO,FILTERED,FL320 / YKM,false,false,UNDEFINED,,UNDEFINED,,REJOIN,YKM,0.00000000,0.0000000000,Time,11.723,sec,320
90,R_Walters-2cf0-EFB_BB45_20210312_085351,AUTO,1615582720.352047,16,LATERAL,SOLUTION,YKM,true,false,UNDEFINED,,UNDEFINED,,REJOIN,YKM,0.00000000,0.0000000000,Time,-4.3051,sec,NA
91,R_Walters-2cf0-EFB_BB45_20210312_085351,AUTO,1615582720.352047,17,VERTICAL,FILTERED,FL320,false,false,UNDEFINED,,UNDEFINED,,UNDEFINED,,0.00000000,0.0000000000,Time,17.217,sec,320
92,R_Walters-2cf0-EFB_BB45_20210312_085351,AUTO,1615582720.372425,16,SELECTED,SOLUTION,YKM,true,false,UNDEFINED,,UNDEFINED,,REJOIN,YKM,0.00000000,0.0000000000,Time,-4.3051,sec,NA
93,R_Walters-2cf0-EFB_BB45_20210312_085351,AUTO,1615582731.821101,15,COMBO,FILTERED,FL320 / YKM,false,false,UNDEFINED,,UNDEFINED,,REJOIN,YKM,0.00000000,0.0000000000,Time,10.875,sec,320
94,R_Walters-2cf0-EFB_BB45_20210312_085351,AUTO,1615582731.821101,16,LATERAL,SOLUTION,YKM,true,false,UNDEFINED,,UNDEFINED,,REJOIN,YKM,0.00000000,0.0000000000,Time,-5.0237,sec,NA
95,R_Walters-2cf0-EFB_BB45_20210312_085351,AUTO,1615582731.821101,17,VERTICAL,FILTERED,FL320,false,false,UNDEFINED,,UNDEFINED,,UNDEFINED,,0.00000000,0.0000000000,Time,17.134,sec,320
96,R_Walters-2cf0-EFB_BB45_20210312_085351,AUTO,1615582731.841983,16,SELECTED,SOLUTION,YKM,true,false,UNDEFINED,,UNDEFINED,,REJOIN,YKM,0.00000000,0.0000000000,Time,-5.0237,sec,NA
97,R_Walters-2cf0-EFB_BB45_20210312_085351,AUTO,1615582742.487914,15,COMBO,FILTERED,FL320 / YKM,false,false,UNDEFINED,,UNDEFINED,,REJOIN,YKM,0.00000000,0.0000000000,Time,10.609,sec,320
98,R_Walters-2cf0-EFB_BB45_20210312_085351,AUTO,1615582742.487914,16,LATERAL,SOLUTION,YKM,true,false,UNDEFINED,,UNDEFINED,,REJOIN,YKM,0.00000000,0.0000000000,Time,-5.3053,sec,NA
99,R_Walters-2cf0-EFB_BB45_20210312_085351,AUTO,1615582742.487914,17,VERTICAL,FILTERED,FL320,false,false,UNDEFINED,,UNDEFINED,,UNDEFINED,,0.00000000,0.0000000000,Time,16.978,sec,320
100,R_Walters-2cf0-EFB_BB45_20210312_085351,AUTO,1615582742.509138,16,SELECTED,SOLUTION,YKM,true,false,UNDEFINED,,UNDEFINED,,REJOIN,YKM,0.00000000,0.0000000000,Time,-5.3053,sec,NA
101,R_Walters-2cf0-EFB_BB45_20210312_085351,AUTO,1615582747.575643,15,COMBO,FILTERED,FL320 / YKM,false,false,UNDEFINED,,UNDEFINED,,REJOIN,YKM,0.00000000,0.0000000000,Time,11.984,sec,320
102,R_Walters-2cf0-EFB_BB45_20210312_085351,AUTO,1615582747.575643,16,LATERAL,SOLUTION,YKM,true,false,UNDEFINED,,UNDEFINED,,REJOIN,YKM,0.00000000,0.0000000000,Time,-3.9258,sec,NA
103,R_Walters-2cf0-EFB_BB45_20210312_085351,AUTO,1615582747.575643,17,VERTICAL,FILTERED,FL320,false,false,UNDEFINED,,UNDEFINED,,UNDEFINED,,0.00000000,0.0000000000,Time,16.917,sec,320
104,R_Walters-2cf0-EFB_BB45_20210312_085351,AUTO,1615582758.587785,15,COMBO,FILTERED,FL320 / YKM,false,false,UNDEFINED,,UNDEFINED,,REJOIN,YKM,0.00000000,0.0000000000,Time,10.791,sec,320
105,R_Walters-2cf0-EFB_BB45_20210312_085351,AUTO,1615582758.587785,16,LATERAL,SOLUTION,YKM,true,false,UNDEFINED,,UNDEFINED,,REJOIN,YKM,0.00000000,0.0000000000,Time,-5.0958,sec,NA
106,R_Walters-2cf0-EFB_BB45_20210312_085351,AUTO,1615582758.587785,17,VERTICAL,FILTERED,FL320,false,false,UNDEFINED,,UNDEFINED,,UNDEFINED,,0.00000000,0.0000000000,Time,16.825,sec,320
107,R_Walters-2cf0-EFB_BB45_20210312_085351,AUTO,1615582758.615972,16,SELECTED,SOLUTION,YKM,true,false,UNDEFINED,,UNDEFINED,,REJOIN,YKM,0.00000000,0.0000000000,Time,-5.0958,sec,NA
108,R_Walters-2cf0-EFB_BB45_20210312_085351,AUTO,1615582768.690188,15,COMBO,FILTERED,FL320 / YKM,false,false,UNDEFINED,,UNDEFINED,,REJOIN,YKM,0.00000000,0.0000000000,Time,10.428,sec,320
109,R_Walters-2cf0-EFB_BB45_20210312_085351,AUTO,1615582768.690188,16,LATERAL,SOLUTION,YKM,true,false,UNDEFINED,,UNDEFINED,,REJOIN,YKM,0.00000000,0.0000000000,Time,-5.3404,sec,NA
110,R_Walters-2cf0-EFB_BB45_20210312_085351,AUTO,1615582768.690188,17,VERTICAL,FILTERED,FL320,false,false,UNDEFINED,,UNDEFINED,,UNDEFINED,,0.00000000,0.0000000000,Time,16.76,sec,320
111,R_Walters-2cf0-EFB_BB45_20210312_085351,AUTO,1615582768.714133,16,SELECTED,SOLUTION,YKM,true,false,UNDEFINED,,UNDEFINED,,REJOIN,YKM,0.00000000,0.0000000000,Time,-5.3404,sec,NA
112,R_Walters-2cf0-EFB_BB45_20210312_085351,AUTO,1615582780.252971,15,COMBO,FILTERED,FL320 / YKM,false,false,UNDEFINED,,UNDEFINED,,REJOIN,YKM,0.00000000,0.0000000000,Time,11.083,sec,320
113,R_Walters-2cf0-EFB_BB45_20210312_085351,AUTO,1615582780.252971,16,LATERAL,SOLUTION,YKM,true,false,UNDEFINED,,UNDEFINED,,REJOIN,YKM,0.00000000,0.0000000000,Time,-4.6033,sec,NA
114,R_Walters-2cf0-EFB_BB45_20210312_085351,AUTO,1615582780.252971,17,VERTICAL,FILTERED,FL320,false,false,UNDEFINED,,UNDEFINED,,UNDEFINED,,0.00000000,0.0000000000,Time,16.629,sec,320
115,R_Walters-2cf0-EFB_BB45_20210312_085351,AUTO,1615582780.275124,16,SELECTED,SOLUTION,YKM,true,false,UNDEFINED,,UNDEFINED,,REJOIN,YKM,0.00000000,0.0000000000,Time,-4.6033,sec,NA
116,R_Walters-2cf0-EFB_BB45_20210312_085351,AUTO,1615582791.12119,15,COMBO,FILTERED,FL320 / YKM,false,false,UNDEFINED,,UNDEFINED,,REJOIN,YKM,0.00000000,0.0000000000,Time,10.377,sec,320
117,R_Walters-2cf0-EFB_BB45_20210312_085351,AUTO,1615582791.12119,16,LATERAL,SOLUTION,YKM,true,false,UNDEFINED,,UNDEFINED,,REJOIN,YKM,0.00000000,0.0000000000,Time,-5.2841,sec,NA
118,R_Walters-2cf0-EFB_BB45_20210312_085351,AUTO,1615582791.12119,17,VERTICAL,FILTERED,FL320,false,false,UNDEFINED,,UNDEFINED,,UNDEFINED,,0.00000000,0.0000000000,Time,16.576,sec,320
119,R_Walters-2cf0-EFB_BB45_20210312_085351,AUTO,1615582791.145789,16,SELECTED,SOLUTION,YKM,true,false,UNDEFINED,,UNDEFINED,,REJOIN,YKM,0.00000000,0.0000000000,Time,-5.2841,sec,NA
120,R_Walters-2cf0-EFB_BB45_20210312_085351,AUTO,1615582801.565919,15,COMBO,FILTERED,FL320 / YKM,false,false,UNDEFINED,,UNDEFINED,,REJOIN,YKM,0.00000000,0.0000000000,Time,10.081,sec,320
121,R_Walters-2cf0-EFB_BB45_20210312_085351,AUTO,1615582801.565919,16,LATERAL,SOLUTION,YKM,true,false,UNDEFINED,,UNDEFINED,,REJOIN,YKM,0.00000000,0.0000000000,Time,-5.5166,sec,NA
122,R_Walters-2cf0-EFB_BB45_20210312_085351,AUTO,1615582801.565919,17,VERTICAL,FILTERED,FL320,false,false,UNDEFINED,,UNDEFINED,,UNDEFINED,,0.00000000,0.0000000000,Time,16.479,sec,320
123,R_Walters-2cf0-EFB_BB45_20210312_085351,AUTO,1615582801.589895,16,SELECTED,SOLUTION,YKM,true,false,UNDEFINED,,UNDEFINED,,REJOIN,YKM,0.00000000,0.0000000000,Time,-5.5166,sec,NA
124,R_Walters-2cf0-EFB_BB45_20210312_085351,AUTO,1615582807.816267,15,COMBO,FILTERED,FL320 / YKM,false,false,UNDEFINED,,UNDEFINED,,REJOIN,YKM,0.00000000,0.0000000000,Time,11.917,sec,320
125,R_Walters-2cf0-EFB_BB45_20210312_085351,AUTO,1615582807.816267,16,LATERAL,SOLUTION,YKM,true,false,UNDEFINED,,UNDEFINED,,REJOIN,YKM,0.00000000,0.0000000000,Time,-3.6567,sec,NA
126,R_Walters-2cf0-EFB_BB45_20210312_085351,AUTO,1615582807.816267,17,VERTICAL,FILTERED,FL320,false,false,UNDEFINED,,UNDEFINED,,UNDEFINED,,0.00000000,0.0000000000,Time,16.429,sec,320
127,R_Walters-2cf0-EFB_BB45_20210312_085351,AUTO,1615582817.525368,15,COMBO,FILTERED,FL320 / YKM,false,false,UNDEFINED,,UNDEFINED,,REJOIN,YKM,0.00000000,0.0000000000,Time,10.296,sec,320
128,R_Walters-2cf0-EFB_BB45_20210312_085351,AUTO,1615582817.525368,16,LATERAL,SOLUTION,YKM,true,false,UNDEFINED,,UNDEFINED,,REJOIN,YKM,0.00000000,0.0000000000,Time,-5.2466,sec,NA
129,R_Walters-2cf0-EFB_BB45_20210312_085351,AUTO,1615582817.525368,17,VERTICAL,FILTERED,FL320,false,false,UNDEFINED,,UNDEFINED,,UNDEFINED,,0.00000000,0.0000000000,Time,16.405,sec,320
130,R_Walters-2cf0-EFB_BB45_20210312_085351,AUTO,1615582817.549264,16,SELECTED,SOLUTION,YKM,true,false,UNDEFINED,,UNDEFINED,,REJOIN,YKM,0.00000000,0.0000000000,Time,-5.2466,sec,NA
131,R_Walters-2cf0-EFB_BB45_20210312_085351,AUTO,1615582828.07231,15,COMBO,FILTERED,FL320 / YKM,false,false,UNDEFINED,,UNDEFINED,,REJOIN,YKM,0.00000000,0.0000000000,Time,10.014,sec,320
132,R_Walters-2cf0-EFB_BB45_20210312_085351,AUTO,1615582828.07231,16,LATERAL,SOLUTION,YKM,true,false,UNDEFINED,,UNDEFINED,,REJOIN,YKM,0.00000000,0.0000000000,Time,-5.4638,sec,NA
133,R_Walters-2cf0-EFB_BB45_20210312_085351,AUTO,1615582828.07231,17,VERTICAL,FILTERED,FL320,false,false,UNDEFINED,,UNDEFINED,,UNDEFINED,,0.00000000,0.0000000000,Time,16.38,sec,320
134,R_Walters-2cf0-EFB_BB45_20210312_085351,AUTO,1615582828.096686,16,SELECTED,SOLUTION,YKM,true,false,UNDEFINED,,UNDEFINED,,REJOIN,YKM,0.00000000,0.0000000000,Time,-5.4638,sec,NA
135,R_Walters-2cf0-EFB_BB45_20210312_085351,AUTO,1615582838.938441,15,COMBO,FILTERED,FL320 / YKM,false,false,UNDEFINED,,UNDEFINED,,REJOIN,YKM,0.00000000,0.0000000000,Time,11.225,sec,320
136,R_Walters-2cf0-EFB_BB45_20210312_085351,AUTO,1615582838.938441,16,LATERAL,SOLUTION,YKM,true,false,UNDEFINED,,UNDEFINED,,REJOIN,YKM,0.00000000,0.0000000000,Time,-4.2332,sec,NA
137,R_Walters-2cf0-EFB_BB45_20210312_085351,AUTO,1615582838.938441,17,VERTICAL,FILTERED,FL320,false,false,UNDEFINED,,UNDEFINED,,UNDEFINED,,0.00000000,0.0000000000,Time,16.358,sec,320
138,R_Walters-2cf0-EFB_BB45_20210312_085351,AUTO,1615582838.95969,16,SELECTED,SOLUTION,YKM,true,false,UNDEFINED,,UNDEFINED,,REJOIN,YKM,0.00000000,0.0000000000,Time,-4.2332,sec,NA
139,R_Walters-2cf0-EFB_BB45_20210312_085351,AUTO,1615582850.434814,15,COMBO,FILTERED,FL320 / YKM,false,false,UNDEFINED,,UNDEFINED,,REJOIN,YKM,0.00000000,0.0000000000,Time,10.143,sec,320
140,R_Walters-2cf0-EFB_BB45_20210312_085351,AUTO,1615582850.434814,16,LATERAL,SOLUTION,YKM,true,false,UNDEFINED,,UNDEFINED,,REJOIN,YKM,0.00000000,0.0000000000,Time,-5.2517,sec,NA
141,R_Walters-2cf0-EFB_BB45_20210312_085351,AUTO,1615582850.434814,17,VERTICAL,FILTERED,FL320,false,false,UNDEFINED,,UNDEFINED,,UNDEFINED,,0.00000000,0.0000000000,Time,16.301,sec,320
142,R_Walters-2cf0-EFB_BB45_20210312_085351,AUTO,1615582850.460122,16,SELECTED,SOLUTION,YKM,true,false,UNDEFINED,,UNDEFINED,,REJOIN,YKM,0.00000000,0.0000000000,Time,-5.2517,sec,NA
143,R_Walters-2cf0-EFB_BB45_20210312_085351,AUTO,1615582861.150229,15,COMBO,FILTERED,FL320 / YKM,false,false,UNDEFINED,,UNDEFINED,,REJOIN,YKM,0.00000000,0.0000000000,Time,9.8723,sec,320
144,R_Walters-2cf0-EFB_BB45_20210312_085351,AUTO,1615582861.150229,16,LATERAL,SOLUTION,YKM,true,false,UNDEFINED,,UNDEFINED,,REJOIN,YKM,0.00000000,0.0000000000,Time,-5.4556,sec,NA
145,R_Walters-2cf0-EFB_BB45_20210312_085351,AUTO,1615582861.150229,17,VERTICAL,FILTERED,FL320,false,false,UNDEFINED,,UNDEFINED,,UNDEFINED,,0.00000000,0.0000000000,Time,16.237,sec,320
146,R_Walters-2cf0-EFB_BB45_20210312_085351,AUTO,1615582861.174823,16,SELECTED,SOLUTION,YKM,true,false,UNDEFINED,,UNDEFINED,,REJOIN,YKM,0.00000000,0.0000000000,Time,-5.4556,sec,NA
147,R_Walters-2cf0-EFB_BB45_20210312_085351,AUTO,1615582869.189414,15,COMBO,FILTERED,FL320 / YKM,false,false,UNDEFINED,,UNDEFINED,,REJOIN,YKM,0.00000000,0.0000000000,Time,11.124,sec,320
148,R_Walters-2cf0-EFB_BB45_20210312_085351,AUTO,1615582869.189414,16,LATERAL,SOLUTION,YKM,true,false,UNDEFINED,,UNDEFINED,,REJOIN,YKM,0.00000000,0.0000000000,Time,-4.201,sec,NA
149,R_Walters-2cf0-EFB_BB45_20210312_085351,AUTO,1615582869.189414,17,VERTICAL,FILTERED,FL320,false,false,UNDEFINED,,UNDEFINED,,UNDEFINED,,0.00000000,0.0000000000,Time,16.224,sec,320
150,R_Walters-2cf0-EFB_BB45_20210312_085351,AUTO,1615582879.377941,15,COMBO,FILTERED,FL320 / YKM,false,false,UNDEFINED,,UNDEFINED,,REJOIN,YKM,0.00000000,0.0000000000,Time,10.067,sec,320
151,R_Walters-2cf0-EFB_BB45_20210312_085351,AUTO,1615582879.377941,16,LATERAL,SOLUTION,YKM,true,false,UNDEFINED,,UNDEFINED,,REJOIN,YKM,0.00000000,0.0000000000,Time,-5.1767,sec,NA
152,R_Walters-2cf0-EFB_BB45_20210312_085351,AUTO,1615582879.377941,17,VERTICAL,FILTERED,FL320,false,false,UNDEFINED,,UNDEFINED,,UNDEFINED,,0.00000000,0.0000000000,Time,16.162,sec,320
153,R_Walters-2cf0-EFB_BB45_20210312_085351,AUTO,1615582879.403201,16,SELECTED,SOLUTION,YKM,true,false,UNDEFINED,,UNDEFINED,,REJOIN,YKM,0.00000000,0.0000000000,Time,-5.1767,sec,NA
154,R_Walters-2cf0-EFB_BB45_20210312_085351,AUTO,1615582889.919527,15,COMBO,FILTERED,FL320 / YKM,false,false,UNDEFINED,,UNDEFINED,,REJOIN,YKM,0.00000000,0.0000000000,Time,9.8047,sec,320
155,R_Walters-2cf0-EFB_BB45_20210312_085351,AUTO,1615582889.919527,16,LATERAL,SOLUTION,YKM,true,false,UNDEFINED,,UNDEFINED,,REJOIN,YKM,0.00000000,0.0000000000,Time,-5.3958,sec,NA
156,R_Walters-2cf0-EFB_BB45_20210312_085351,AUTO,1615582889.919527,17,VERTICAL,FILTERED,FL320,false,false,UNDEFINED,,UNDEFINED,,UNDEFINED,,0.00000000,0.0000000000,Time,16.136,sec,320
157,R_Walters-2cf0-EFB_BB45_20210312_085351,AUTO,1615582889.942393,16,SELECTED,SOLUTION,YKM,true,false,UNDEFINED,,UNDEFINED,,REJOIN,YKM,0.00000000,0.0000000000,Time,-5.3958,sec,NA
158,R_Walters-2cf0-EFB_BB45_20210312_085351,AUTO,1615582901.789306,15,COMBO,FILTERED,FL320 / YKM,false,false,UNDEFINED,,UNDEFINED,,REJOIN,YKM,0.00000000,0.0000000000,Time,10.501,sec,320
159,R_Walters-2cf0-EFB_BB45_20210312_085351,AUTO,1615582901.789306,16,LATERAL,SOLUTION,YKM,true,false,UNDEFINED,,UNDEFINED,,REJOIN,YKM,0.00000000,0.0000000000,Time,-4.6091,sec,NA
160,R_Walters-2cf0-EFB_BB45_20210312_085351,AUTO,1615582901.789306,17,VERTICAL,FILTERED,FL320,false,false,UNDEFINED,,UNDEFINED,,UNDEFINED,,0.00000000,0.0000000000,Time,16.045,sec,320
161,R_Walters-2cf0-EFB_BB45_20210312_085351,AUTO,1615582901.814273,16,SELECTED,SOLUTION,YKM,true,false,UNDEFINED,,UNDEFINED,,REJOIN,YKM,0.00000000,0.0000000000,Time,-4.6091,sec,NA
162,R_Walters-2cf0-EFB_BB45_20210312_085351,AUTO,1615582912.281968,15,COMBO,FILTERED,FL320 / YKM,false,false,UNDEFINED,,UNDEFINED,,REJOIN,YKM,0.00000000,0.0000000000,Time,9.8274,sec,320
163,R_Walters-2cf0-EFB_BB45_20210312_085351,AUTO,1615582912.281968,16,LATERAL,SOLUTION,YKM,true,false,UNDEFINED,,UNDEFINED,,REJOIN,YKM,0.00000000,0.0000000000,Time,-5.1945,sec,NA
164,R_Walters-2cf0-EFB_BB45_20210312_085351,AUTO,1615582912.281968,17,VERTICAL,FILTERED,FL320,false,false,UNDEFINED,,UNDEFINED,,UNDEFINED,,0.00000000,0.0000000000,Time,15.981,sec,320
165,R_Walters-2cf0-EFB_BB45_20210312_085351,AUTO,1615582912.305213,16,SELECTED,SOLUTION,YKM,true,false,UNDEFINED,,UNDEFINED,,REJOIN,YKM,0.00000000,0.0000000000,Time,-5.1945,sec,NA
166,R_Walters-2cf0-EFB_BB45_20210312_085351,AUTO,1615582923.826886,15,COMBO,FILTERED,FL320 / YKM,false,false,UNDEFINED,,UNDEFINED,,REJOIN,YKM,0.00000000,0.0000000000,Time,9.5936,sec,320
167,R_Walters-2cf0-EFB_BB45_20210312_085351,AUTO,1615582923.826886,16,LATERAL,SOLUTION,YKM,true,false,UNDEFINED,,UNDEFINED,,REJOIN,YKM,0.00000000,0.0000000000,Time,-5.3763,sec,NA
168,R_Walters-2cf0-EFB_BB45_20210312_085351,AUTO,1615582923.826886,17,VERTICAL,FILTERED,FL320,false,false,UNDEFINED,,UNDEFINED,,UNDEFINED,,0.00000000,0.0000000000,Time,15.946,sec,320
169,R_Walters-2cf0-EFB_BB45_20210312_085351,AUTO,1615582923.849947,16,SELECTED,SOLUTION,YKM,true,false,UNDEFINED,,UNDEFINED,,REJOIN,YKM,0.00000000,0.0000000000,Time,-5.3763,sec,NA
170,R_Walters-2cf0-EFB_BB45_20210312_085351,AUTO,1615582929.930546,15,COMBO,FILTERED,FL320 / YKM,false,false,UNDEFINED,,UNDEFINED,,REJOIN,YKM,0.00000000,0.0000000000,Time,9.4908,sec,320
171,R_Walters-2cf0-EFB_BB45_20210312_085351,AUTO,1615582929.930546,16,LATERAL,SOLUTION,YKM,true,false,UNDEFINED,,UNDEFINED,,REJOIN,YKM,0.00000000,0.0000000000,Time,-5.4127,sec,NA
172,R_Walters-2cf0-EFB_BB45_20210312_085351,AUTO,1615582929.930546,17,VERTICAL,FILTERED,FL320,false,false,UNDEFINED,,UNDEFINED,,UNDEFINED,,0.00000000,0.0000000000,Time,15.904,sec,320
173,R_Walters-2cf0-EFB_BB45_20210312_085351,AUTO,1615582939.786648,15,COMBO,FILTERED,FL320 / YKM,false,false,UNDEFINED,,UNDEFINED,,REJOIN,YKM,0.00000000,0.0000000000,Time,9.3794,sec,320
174,R_Walters-2cf0-EFB_BB45_20210312_085351,AUTO,1615582939.786648,16,LATERAL,SOLUTION,YKM,true,false,UNDEFINED,,UNDEFINED,,REJOIN,YKM,0.00000000,0.0000000000,Time,-5.4412,sec,NA
175,R_Walters-2cf0-EFB_BB45_20210312_085351,AUTO,1615582939.786648,17,VERTICAL,FILTERED,FL320,false,false,UNDEFINED,,UNDEFINED,,UNDEFINED,,0.00000000,0.0000000000,Time,15.978,sec,320
176,R_Walters-2cf0-EFB_BB45_20210312_085351,AUTO,1615582939.808049,16,SELECTED,SOLUTION,YKM,true,false,UNDEFINED,,UNDEFINED,,REJOIN,YKM,0.00000000,0.0000000000,Time,-5.4412,sec,NA
177,R_Walters-2cf0-EFB_BB45_20210312_085351,AUTO,1615582951.783215,15,COMBO,FILTERED,FL320 / YKM,false,false,UNDEFINED,,UNDEFINED,,REJOIN,YKM,0.00000000,0.0000000000,Time,9.2382,sec,320
178,R_Walters-2cf0-EFB_BB45_20210312_085351,AUTO,1615582951.783215,16,LATERAL,SOLUTION,YKM,true,false,UNDEFINED,,UNDEFINED,,REJOIN,YKM,0.00000000,0.0000000000,Time,-5.4555,sec,NA
179,R_Walters-2cf0-EFB_BB45_20210312_085351,AUTO,1615582951.783215,17,VERTICAL,FILTERED,FL320,false,false,UNDEFINED,,UNDEFINED,,UNDEFINED,,0.00000000,0.0000000000,Time,15.896,sec,320
180,R_Walters-2cf0-EFB_BB45_20210312_085351,AUTO,1615582951.803872,16,SELECTED,SOLUTION,YKM,true,false,UNDEFINED,,UNDEFINED,,REJOIN,YKM,0.00000000,0.0000000000,Time,-5.4555,sec,NA
